subreddit,year,total_posts
vibecoding,2020,0
vibecoding,2021,0
vibecoding,2022,0
vibecoding,2023,0
vibecoding,2024,24016
vibecoding,2025,39984
ChatGPTCoding,2020,0
ChatGPTCoding,2021,130
ChatGPTCoding,2022,3973
ChatGPTCoding,2023,4581
ChatGPTCoding,2024,11283
ChatGPTCoding,2025,1212
cursor,2020,3
cursor,2021,1
cursor,2022,0
cursor,2023,1359
cursor,2024,19776
cursor,2025,6550
lovable,2020,0
lovable,2021,0
lovable,2022,0
lovable,2023,24
lovable,2024,7983
lovable,2025,6055
boltnewbuilders,2020,0
boltnewbuilders,2021,0
boltnewbuilders,2022,0
boltnewbuilders,2023,364
boltnewbuilders,2024,3490
boltnewbuilders,2025,515
windsurf,2020,0
windsurf,2021,0
windsurf,2022,0
windsurf,2023,0
windsurf,2024,2674
windsurf,2025,2045
Codeium,2020,0
Codeium,2021,0
Codeium,2022,10
Codeium,2023,616
Codeium,2024,1439
Codeium,2025,0
replit,2020,175
replit,2021,353
replit,2022,342
replit,2023,653
replit,2024,6128
replit,2025,3084
v0dev,2020,0
v0dev,2021,0
v0dev,2022,0
v0dev,2023,0
v0dev,2024,0
v0dev,2025,0
base44,2020,0
base44,2021,0
base44,2022,0
base44,2023,0
base44,2024,2796
base44,2025,2962
AI_Agents,2020,0
AI_Agents,2021,0
AI_Agents,2022,337
AI_Agents,2023,1049
AI_Agents,2024,18638
AI_Agents,2025,18380
ClaudeCode,2020,0
ClaudeCode,2021,0
ClaudeCode,2022,0
ClaudeCode,2023,0
ClaudeCode,2024,9554
ClaudeCode,2025,37388
aipromptprogramming,2020,0
aipromptprogramming,2021,0
aipromptprogramming,2022,2620
aipromptprogramming,2023,1805
aipromptprogramming,2024,8630
aipromptprogramming,2025,1830
ChatGPTPro,2020,0
ChatGPTPro,2021,0
ChatGPTPro,2022,6431
ChatGPTPro,2023,6678
ChatGPTPro,2024,11000
ChatGPTPro,2025,1868
ChatGPTcomplaints,2020,0
ChatGPTcomplaints,2021,0
ChatGPTcomplaints,2022,0
ChatGPTcomplaints,2023,0
ChatGPTcomplaints,2024,3220
ChatGPTcomplaints,2025,11179
OpenAI,2020,481
OpenAI,2021,4059
OpenAI,2022,24771
OpenAI,2023,24975
OpenAI,2024,52876
OpenAI,2025,18826
ClaudeAI,2020,0
ClaudeAI,2021,0
ClaudeAI,2022,647
ClaudeAI,2023,11724
ClaudeAI,2024,39937
ClaudeAI,2025,62621
claude,2020,0
claude,2021,0
claude,2022,0
claude,2023,40
claude,2024,1180
claude,2025,9584
Anthropic,2020,0
Anthropic,2021,0
Anthropic,2022,29
Anthropic,2023,981
Anthropic,2024,4549
Anthropic,2025,8107
ClaudeCowork,2020,0
ClaudeCowork,2021,0
ClaudeCowork,2022,0
ClaudeCowork,2023,0
ClaudeCowork,2024,0
ClaudeCowork,2025,1162
GoogleGeminiAI,2020,0
GoogleGeminiAI,2021,0
GoogleGeminiAI,2022,144
GoogleGeminiAI,2023,2343
GoogleGeminiAI,2024,8595
GoogleGeminiAI,2025,5187
GoogleGemini,2020,0
GoogleGemini,2021,0
GoogleGemini,2022,2
GoogleGemini,2023,90
GoogleGemini,2024,825
GoogleGemini,2025,1228
grok,2020,0
grok,2021,0
grok,2022,93
grok,2023,950
grok,2024,25384
grok,2025,36519
Perplexity,2020,0
Perplexity,2021,0
Perplexity,2022,0
Perplexity,2023,11
Perplexity,2024,405
Perplexity,2025,363
perplexity_ai,2020,0
perplexity_ai,2021,0
perplexity_ai,2022,400
perplexity_ai,2023,2898
perplexity_ai,2024,10254
perplexity_ai,2025,3350
artificial,2020,5881
artificial,2021,7338
artificial,2022,23926
artificial,2023,17500
artificial,2024,17613
artificial,2025,11274
singularity,2020,3551
singularity,2021,8073
singularity,2022,26731
singularity,2023,35084
singularity,2024,26067
singularity,2025,9041
LocalLLaMA,2020,0
LocalLLaMA,2021,0
LocalLLaMA,2022,12700
LocalLLaMA,2023,34981
LocalLLaMA,2024,43530
LocalLLaMA,2025,28111
web_design,2020,12268
web_design,2021,10324
web_design,2022,12708
web_design,2023,9775
web_design,2024,4663
web_design,2025,1768
Frontend,2020,7492
Frontend,2021,7984
Frontend,2022,9006
Frontend,2023,7742
Frontend,2024,7986
Frontend,2025,3279
userexperience,2020,4033
userexperience,2021,2788
userexperience,2022,2495
userexperience,2023,1130
userexperience,2024,1095
userexperience,2025,471
UI_Design,2020,3828
UI_Design,2021,3923
UI_Design,2022,4450
UI_Design,2023,5274
UI_Design,2024,6267
UI_Design,2025,2920
graphic_design,2020,23272
graphic_design,2021,26429
graphic_design,2022,29379
graphic_design,2023,37510
graphic_design,2024,33643
graphic_design,2025,12708
css,2020,5925
css,2021,5251
css,2022,4066
css,2023,3904
css,2024,3118
css,2025,1291
nocode,2020,1783
nocode,2021,2271
nocode,2022,2950
nocode,2023,4137
nocode,2024,8812
nocode,2025,6029
NoCodeSaaS,2020,66
NoCodeSaaS,2021,622
NoCodeSaaS,2022,628
NoCodeSaaS,2023,899
NoCodeSaaS,2024,2717
NoCodeSaaS,2025,2537
SaaS,2020,4107
SaaS,2021,5011
SaaS,2022,13142
SaaS,2023,38347
SaaS,2024,96086
SaaS,2025,68774
microsaas,2020,3
microsaas,2021,85
microsaas,2022,959
microsaas,2023,2814
microsaas,2024,26596
microsaas,2025,26032
micro_saas,2020,14
micro_saas,2021,0
micro_saas,2022,114
micro_saas,2023,890
micro_saas,2024,4452
micro_saas,2025,16743
IndieHackers,2020,329
IndieHackers,2021,766
IndieHackers,2022,2149
IndieHackers,2023,6744
IndieHackers,2024,30444
IndieHackers,2025,20680
indiebiz,2020,1510
indiebiz,2021,1237
indiebiz,2022,1748
indiebiz,2023,2274
indiebiz,2024,3715
indiebiz,2025,2796
EntrepreneurRideAlong,2020,5772
EntrepreneurRideAlong,2021,6291
EntrepreneurRideAlong,2022,10208
EntrepreneurRideAlong,2023,12979
EntrepreneurRideAlong,2024,17146
EntrepreneurRideAlong,2025,17398
roastmystartup,2020,1153
roastmystartup,2021,941
roastmystartup,2022,1106
roastmystartup,2023,2408
roastmystartup,2024,4387
roastmystartup,2025,4309
alphaandbetausers,2020,1709
alphaandbetausers,2021,1337
alphaandbetausers,2022,2245
alphaandbetausers,2023,1318
alphaandbetausers,2024,6842
alphaandbetausers,2025,11481
