subreddit,lane,query,year,posts
Anthropic,ai,_ALL_,2020,0
Anthropic,ai,_ALL_,2021,0
Anthropic,ai,_ALL_,2022,29
Anthropic,ai,_ALL_,2023,981
Anthropic,ai,_ALL_,2024,4549
Anthropic,ai,_ALL_,2025,8367
cursor,ai,_ALL_,2020,3
cursor,ai,_ALL_,2021,1
cursor,ai,_ALL_,2022,0
cursor,ai,_ALL_,2023,1359
cursor,ai,_ALL_,2024,19776
cursor,ai,_ALL_,2025,6767
GithubCopilot,ai,_ALL_,2020,31
GithubCopilot,ai,_ALL_,2021,90
GithubCopilot,ai,_ALL_,2022,278
GithubCopilot,ai,_ALL_,2023,230
GithubCopilot,ai,_ALL_,2024,4046
GithubCopilot,ai,_ALL_,2025,6887
copilot,ai,_ALL_,2020,5
copilot,ai,_ALL_,2021,2
copilot,ai,_ALL_,2022,13
copilot,ai,_ALL_,2023,75
copilot,ai,_ALL_,2024,191
copilot,ai,_ALL_,2025,504
AI_Agents,ai,_ALL_,2020,0
AI_Agents,ai,_ALL_,2021,0
AI_Agents,ai,_ALL_,2022,337
AI_Agents,ai,_ALL_,2023,1049
AI_Agents,ai,_ALL_,2024,18638
AI_Agents,ai,_ALL_,2025,18974
LLMDevs,ai,_ALL_,2020,0
LLMDevs,ai,_ALL_,2021,0
LLMDevs,ai,_ALL_,2022,692
LLMDevs,ai,_ALL_,2023,2874
LLMDevs,ai,_ALL_,2024,9217
LLMDevs,ai,_ALL_,2025,5479
PromptEngineering,ai,_ALL_,2020,3
PromptEngineering,ai,_ALL_,2021,12
PromptEngineering,ai,_ALL_,2022,832
PromptEngineering,ai,_ALL_,2023,1559
PromptEngineering,ai,_ALL_,2024,8103
PromptEngineering,ai,_ALL_,2025,6352
ChatGPTCoding,ai,_ALL_,2020,0
ChatGPTCoding,ai,_ALL_,2021,130
ChatGPTCoding,ai,_ALL_,2022,3973
ChatGPTCoding,ai,_ALL_,2023,4581
ChatGPTCoding,ai,_ALL_,2024,11283
ChatGPTCoding,ai,_ALL_,2025,1273
OpenAIDev,ai,_ALL_,2020,0
OpenAIDev,ai,_ALL_,2021,0
OpenAIDev,ai,_ALL_,2022,873
OpenAIDev,ai,_ALL_,2023,996
OpenAIDev,ai,_ALL_,2024,1338
OpenAIDev,ai,_ALL_,2025,604
perplexity_ai,ai,_ALL_,2020,0
perplexity_ai,ai,_ALL_,2021,0
perplexity_ai,ai,_ALL_,2022,400
perplexity_ai,ai,_ALL_,2023,2898
perplexity_ai,ai,_ALL_,2024,10254
perplexity_ai,ai,_ALL_,2025,3412
aipromptprogramming,ai,_ALL_,2020,0
aipromptprogramming,ai,_ALL_,2021,0
aipromptprogramming,ai,_ALL_,2022,2620
aipromptprogramming,ai,_ALL_,2023,1805
aipromptprogramming,ai,_ALL_,2024,8630
aipromptprogramming,ai,_ALL_,2025,1830
ChatGPTPromptGenius,ai,_ALL_,2020,0
ChatGPTPromptGenius,ai,_ALL_,2021,131
ChatGPTPromptGenius,ai,_ALL_,2022,3786
ChatGPTPromptGenius,ai,_ALL_,2023,3382
ChatGPTPromptGenius,ai,_ALL_,2024,12870
ChatGPTPromptGenius,ai,_ALL_,2025,2667
